<?xml version="1.0" encoding="ISO-8859-1" ?>
<link_info>
   <banner>TI ARM Linker PC v20.2.7.LTS</banner>
   <copyright>Copyright (c) 1996-2018 Texas Instruments Incorporated</copyright>
   <link_time>0x68234dc2</link_time>
   <link_errors>0x0</link_errors>
   <output_file>P7_A2.out</output_file>
   <entry_point>
      <name>_c_int00_noinit_noargs</name>
      <address>0x46d</address>
   </entry_point>
   <input_file_list>
      <input_file id="fl-2">
         <path>.\</path>
         <kind>object</kind>
         <file>main_1.obj</file>
         <name>main_1.obj</name>
      </input_file>
      <input_file id="fl-3">
         <path>.\</path>
         <kind>object</kind>
         <file>tm4c1294ncpdt_startup_ccs.obj</file>
         <name>tm4c1294ncpdt_startup_ccs.obj</name>
      </input_file>
      <input_file id="fl-7">
         <kind>object</kind>
         <file>&lt;internal&gt;</file>
         <name>&lt;internal&gt;</name>
      </input_file>
      <input_file id="fl-bd">
         <path>D:\CCS12.8.1.00005_win64\ccs\tools\compiler\ti-cgt-arm_20.2.7.LTS\lib\</path>
         <kind>archive</kind>
         <file>rtsv7M4_T_le_v4SPD16_eabi.lib</file>
         <name>copy_zero_init.c.obj</name>
      </input_file>
      <input_file id="fl-be">
         <path>D:\CCS12.8.1.00005_win64\ccs\tools\compiler\ti-cgt-arm_20.2.7.LTS\lib\</path>
         <kind>archive</kind>
         <file>rtsv7M4_T_le_v4SPD16_eabi.lib</file>
         <name>copy_decompress_none.c.obj</name>
      </input_file>
      <input_file id="fl-bf">
         <path>D:\CCS12.8.1.00005_win64\ccs\tools\compiler\ti-cgt-arm_20.2.7.LTS\lib\</path>
         <kind>archive</kind>
         <file>rtsv7M4_T_le_v4SPD16_eabi.lib</file>
         <name>copy_decompress_lzss.c.obj</name>
      </input_file>
      <input_file id="fl-c0">
         <path>D:\CCS12.8.1.00005_win64\ccs\tools\compiler\ti-cgt-arm_20.2.7.LTS\lib\</path>
         <kind>archive</kind>
         <file>rtsv7M4_T_le_v4SPD16_eabi.lib</file>
         <name>boot_cortex_m.c.obj</name>
      </input_file>
      <input_file id="fl-c1">
         <path>D:\CCS12.8.1.00005_win64\ccs\tools\compiler\ti-cgt-arm_20.2.7.LTS\lib\</path>
         <kind>archive</kind>
         <file>rtsv7M4_T_le_v4SPD16_eabi.lib</file>
         <name>memcpy_t2.asm.obj</name>
      </input_file>
      <input_file id="fl-c2">
         <path>D:\CCS12.8.1.00005_win64\ccs\tools\compiler\ti-cgt-arm_20.2.7.LTS\lib\</path>
         <kind>archive</kind>
         <file>rtsv7M4_T_le_v4SPD16_eabi.lib</file>
         <name>memset_t2.asm.obj</name>
      </input_file>
      <input_file id="fl-c3">
         <path>D:\CCS12.8.1.00005_win64\ccs\tools\compiler\ti-cgt-arm_20.2.7.LTS\lib\</path>
         <kind>archive</kind>
         <file>rtsv7M4_T_le_v4SPD16_eabi.lib</file>
         <name>autoinit.c.obj</name>
      </input_file>
      <input_file id="fl-c4">
         <path>D:\CCS12.8.1.00005_win64\ccs\tools\compiler\ti-cgt-arm_20.2.7.LTS\lib\</path>
         <kind>archive</kind>
         <file>rtsv7M4_T_le_v4SPD16_eabi.lib</file>
         <name>pre_init.c.obj</name>
      </input_file>
      <input_file id="fl-c5">
         <path>D:\CCS12.8.1.00005_win64\ccs\tools\compiler\ti-cgt-arm_20.2.7.LTS\lib\</path>
         <kind>archive</kind>
         <file>rtsv7M4_T_le_v4SPD16_eabi.lib</file>
         <name>cpy_tbl.c.obj</name>
      </input_file>
      <input_file id="fl-c6">
         <path>D:\CCS12.8.1.00005_win64\ccs\tools\compiler\ti-cgt-arm_20.2.7.LTS\lib\</path>
         <kind>archive</kind>
         <file>rtsv7M4_T_le_v4SPD16_eabi.lib</file>
         <name>exit.c.obj</name>
      </input_file>
      <input_file id="fl-c7">
         <path>D:\CCS12.8.1.00005_win64\ccs\tools\compiler\ti-cgt-arm_20.2.7.LTS\lib\</path>
         <kind>archive</kind>
         <file>rtsv7M4_T_le_v4SPD16_eabi.lib</file>
         <name>_lock.c.obj</name>
      </input_file>
      <input_file id="fl-c8">
         <path>D:\CCS12.8.1.00005_win64\ccs\tools\compiler\ti-cgt-arm_20.2.7.LTS\lib\</path>
         <kind>archive</kind>
         <file>rtsv7M4_T_le_v4SPD16_eabi.lib</file>
         <name>args_main.c.obj</name>
      </input_file>
   </input_file_list>
   <object_component_list>
      <object_component id="oc-12">
         <name>.intvecs</name>
         <load_address>0x0</load_address>
         <run_address>0x0</run_address>
         <size>0x208</size>
         <input_file_ref idref="fl-3"/>
      </object_component>
      <object_component id="oc-2d">
         <name>.text</name>
         <load_address>0x208</load_address>
         <run_address>0x208</run_address>
         <size>0x264</size>
         <input_file_ref idref="fl-2"/>
      </object_component>
      <object_component id="oc-59">
         <name>.text:_c_int00_noinit_noargs:_c_int00_noinit_noargs</name>
         <load_address>0x46c</load_address>
         <run_address>0x46c</run_address>
         <size>0x2c</size>
         <input_file_ref idref="fl-c0"/>
      </object_component>
      <object_component id="oc-27">
         <name>.text</name>
         <load_address>0x498</load_address>
         <run_address>0x498</run_address>
         <size>0xc</size>
         <input_file_ref idref="fl-3"/>
      </object_component>
      <object_component id="oc-9c">
         <name>.text:_system_pre_init</name>
         <load_address>0x4a4</load_address>
         <run_address>0x4a4</run_address>
         <size>0x4</size>
         <input_file_ref idref="fl-c4"/>
      </object_component>
      <object_component id="oc-c4">
         <name>.text:abort:abort</name>
         <load_address>0x4a8</load_address>
         <run_address>0x4a8</run_address>
         <size>0x4</size>
         <input_file_ref idref="fl-c6"/>
      </object_component>
      <object_component id="oc-24">
         <name>.stack</name>
         <uninitialized>true</uninitialized>
         <run_address>0x20000000</run_address>
         <size>0x4</size>
         <input_file_ref idref="fl-c0"/>
      </object_component>
      <object_component id="oc-17f">
         <name>.stack</name>
         <uninitialized>true</uninitialized>
         <run_address>0x20000000</run_address>
         <size>0x0</size>
      </object_component>
      <object_component id="oc-b3">
         <name>.debug_info</name>
         <load_address>0x0</load_address>
         <run_address>0x0</run_address>
         <size>0x27a</size>
         <input_file_ref idref="fl-2"/>
      </object_component>
      <object_component id="oc-2e">
         <name>.debug_info</name>
         <load_address>0x27a</load_address>
         <run_address>0x27a</run_address>
         <size>0x408</size>
         <input_file_ref idref="fl-2"/>
      </object_component>
      <object_component id="oc-7c">
         <name>.debug_info</name>
         <load_address>0x682</load_address>
         <run_address>0x682</run_address>
         <size>0x26b</size>
         <input_file_ref idref="fl-2"/>
      </object_component>
      <object_component id="oc-3c">
         <name>.debug_info</name>
         <load_address>0x8ed</load_address>
         <run_address>0x8ed</run_address>
         <size>0x84</size>
         <input_file_ref idref="fl-2"/>
      </object_component>
      <object_component id="oc-ae">
         <name>.debug_info</name>
         <load_address>0x971</load_address>
         <run_address>0x971</run_address>
         <size>0x2a4</size>
         <input_file_ref idref="fl-2"/>
      </object_component>
      <object_component id="oc-75">
         <name>.debug_info</name>
         <load_address>0xc15</load_address>
         <run_address>0xc15</run_address>
         <size>0xbb</size>
         <input_file_ref idref="fl-2"/>
      </object_component>
      <object_component id="oc-35">
         <name>.debug_info</name>
         <load_address>0xcd0</load_address>
         <run_address>0xcd0</run_address>
         <size>0x313</size>
         <input_file_ref idref="fl-3"/>
      </object_component>
      <object_component id="oc-13">
         <name>.debug_info</name>
         <load_address>0xfe3</load_address>
         <run_address>0xfe3</run_address>
         <size>0x10a</size>
         <input_file_ref idref="fl-3"/>
      </object_component>
      <object_component id="oc-28">
         <name>.debug_info</name>
         <load_address>0x10ed</load_address>
         <run_address>0x10ed</run_address>
         <size>0x289</size>
         <input_file_ref idref="fl-3"/>
      </object_component>
      <object_component id="oc-25">
         <name>.debug_info</name>
         <load_address>0x1376</load_address>
         <run_address>0x1376</run_address>
         <size>0x10b</size>
         <input_file_ref idref="fl-c0"/>
      </object_component>
      <object_component id="oc-5a">
         <name>.debug_info</name>
         <load_address>0x1481</load_address>
         <run_address>0x1481</run_address>
         <size>0x1a2</size>
         <input_file_ref idref="fl-c0"/>
      </object_component>
      <object_component id="oc-9e">
         <name>.debug_info</name>
         <load_address>0x1623</load_address>
         <run_address>0x1623</run_address>
         <size>0x153</size>
         <input_file_ref idref="fl-c4"/>
      </object_component>
      <object_component id="oc-c7">
         <name>.debug_info</name>
         <load_address>0x1776</load_address>
         <run_address>0x1776</run_address>
         <size>0x122</size>
         <input_file_ref idref="fl-c6"/>
      </object_component>
      <object_component id="oc-180">
         <name>.debug_info</name>
         <load_address>0x1898</load_address>
         <run_address>0x1898</run_address>
         <size>0xbc</size>
      </object_component>
      <object_component id="oc-103">
         <name>.debug_line</name>
         <load_address>0x0</load_address>
         <run_address>0x0</run_address>
         <size>0x20</size>
         <input_file_ref idref="fl-2"/>
      </object_component>
      <object_component id="oc-32">
         <name>.debug_line</name>
         <load_address>0x20</load_address>
         <run_address>0x20</run_address>
         <size>0x166</size>
         <input_file_ref idref="fl-2"/>
      </object_component>
      <object_component id="oc-7f">
         <name>.debug_line</name>
         <load_address>0x186</load_address>
         <run_address>0x186</run_address>
         <size>0x7a</size>
         <input_file_ref idref="fl-2"/>
      </object_component>
      <object_component id="oc-3f">
         <name>.debug_line</name>
         <load_address>0x200</load_address>
         <run_address>0x200</run_address>
         <size>0x20</size>
         <input_file_ref idref="fl-2"/>
      </object_component>
      <object_component id="oc-b1">
         <name>.debug_line</name>
         <load_address>0x220</load_address>
         <run_address>0x220</run_address>
         <size>0x7e</size>
         <input_file_ref idref="fl-2"/>
      </object_component>
      <object_component id="oc-78">
         <name>.debug_line</name>
         <load_address>0x29e</load_address>
         <run_address>0x29e</run_address>
         <size>0x7b</size>
         <input_file_ref idref="fl-2"/>
      </object_component>
      <object_component id="oc-7b">
         <name>.debug_line</name>
         <load_address>0x319</load_address>
         <run_address>0x319</run_address>
         <size>0x42</size>
         <input_file_ref idref="fl-3"/>
      </object_component>
      <object_component id="oc-34">
         <name>.debug_line</name>
         <load_address>0x35b</load_address>
         <run_address>0x35b</run_address>
         <size>0x42</size>
         <input_file_ref idref="fl-3"/>
      </object_component>
      <object_component id="oc-2c">
         <name>.debug_line</name>
         <load_address>0x39d</load_address>
         <run_address>0x39d</run_address>
         <size>0xa2</size>
         <input_file_ref idref="fl-3"/>
      </object_component>
      <object_component id="oc-72">
         <name>.debug_line</name>
         <load_address>0x43f</load_address>
         <run_address>0x43f</run_address>
         <size>0x33</size>
         <input_file_ref idref="fl-c0"/>
      </object_component>
      <object_component id="oc-5d">
         <name>.debug_line</name>
         <load_address>0x472</load_address>
         <run_address>0x472</run_address>
         <size>0x48</size>
         <input_file_ref idref="fl-c0"/>
      </object_component>
      <object_component id="oc-a1">
         <name>.debug_line</name>
         <load_address>0x4ba</load_address>
         <run_address>0x4ba</run_address>
         <size>0x40</size>
         <input_file_ref idref="fl-c4"/>
      </object_component>
      <object_component id="oc-c6">
         <name>.debug_line</name>
         <load_address>0x4fa</load_address>
         <run_address>0x4fa</run_address>
         <size>0x3c</size>
         <input_file_ref idref="fl-c6"/>
      </object_component>
      <object_component id="oc-31">
         <name>.debug_frame</name>
         <load_address>0x0</load_address>
         <run_address>0x0</run_address>
         <size>0xf4</size>
         <input_file_ref idref="fl-2"/>
      </object_component>
      <object_component id="oc-2b">
         <name>.debug_frame</name>
         <load_address>0xf4</load_address>
         <run_address>0xf4</run_address>
         <size>0x90</size>
         <input_file_ref idref="fl-3"/>
      </object_component>
      <object_component id="oc-5e">
         <name>.debug_frame</name>
         <load_address>0x184</load_address>
         <run_address>0x184</run_address>
         <size>0x50</size>
         <input_file_ref idref="fl-c0"/>
      </object_component>
      <object_component id="oc-9d">
         <name>.debug_frame</name>
         <load_address>0x1d4</load_address>
         <run_address>0x1d4</run_address>
         <size>0x54</size>
         <input_file_ref idref="fl-c4"/>
      </object_component>
      <object_component id="oc-c9">
         <name>.debug_frame</name>
         <load_address>0x228</load_address>
         <run_address>0x228</run_address>
         <size>0x54</size>
         <input_file_ref idref="fl-c6"/>
      </object_component>
      <object_component id="oc-102">
         <name>.debug_abbrev</name>
         <load_address>0x0</load_address>
         <run_address>0x0</run_address>
         <size>0x27</size>
         <input_file_ref idref="fl-2"/>
      </object_component>
      <object_component id="oc-74">
         <name>.debug_abbrev</name>
         <load_address>0x27</load_address>
         <run_address>0x27</run_address>
         <size>0x7a</size>
         <input_file_ref idref="fl-2"/>
      </object_component>
      <object_component id="oc-7e">
         <name>.debug_abbrev</name>
         <load_address>0xa1</load_address>
         <run_address>0xa1</run_address>
         <size>0x69</size>
         <input_file_ref idref="fl-2"/>
      </object_component>
      <object_component id="oc-3e">
         <name>.debug_abbrev</name>
         <load_address>0x10a</load_address>
         <run_address>0x10a</run_address>
         <size>0x1f</size>
         <input_file_ref idref="fl-2"/>
      </object_component>
      <object_component id="oc-b0">
         <name>.debug_abbrev</name>
         <load_address>0x129</load_address>
         <run_address>0x129</run_address>
         <size>0x5c</size>
         <input_file_ref idref="fl-2"/>
      </object_component>
      <object_component id="oc-77">
         <name>.debug_abbrev</name>
         <load_address>0x185</load_address>
         <run_address>0x185</run_address>
         <size>0x24</size>
         <input_file_ref idref="fl-2"/>
      </object_component>
      <object_component id="oc-7a">
         <name>.debug_abbrev</name>
         <load_address>0x1a9</load_address>
         <run_address>0x1a9</run_address>
         <size>0x7c</size>
         <input_file_ref idref="fl-3"/>
      </object_component>
      <object_component id="oc-33">
         <name>.debug_abbrev</name>
         <load_address>0x225</load_address>
         <run_address>0x225</run_address>
         <size>0x29</size>
         <input_file_ref idref="fl-3"/>
      </object_component>
      <object_component id="oc-73">
         <name>.debug_abbrev</name>
         <load_address>0x24e</load_address>
         <run_address>0x24e</run_address>
         <size>0xcb</size>
         <input_file_ref idref="fl-3"/>
      </object_component>
      <object_component id="oc-71">
         <name>.debug_abbrev</name>
         <load_address>0x319</load_address>
         <run_address>0x319</run_address>
         <size>0x29</size>
         <input_file_ref idref="fl-c0"/>
      </object_component>
      <object_component id="oc-a3">
         <name>.debug_abbrev</name>
         <load_address>0x342</load_address>
         <run_address>0x342</run_address>
         <size>0x55</size>
         <input_file_ref idref="fl-c0"/>
      </object_component>
      <object_component id="oc-c3">
         <name>.debug_abbrev</name>
         <load_address>0x397</load_address>
         <run_address>0x397</run_address>
         <size>0x55</size>
         <input_file_ref idref="fl-c4"/>
      </object_component>
      <object_component id="oc-104">
         <name>.debug_abbrev</name>
         <load_address>0x3ec</load_address>
         <run_address>0x3ec</run_address>
         <size>0x45</size>
         <input_file_ref idref="fl-c6"/>
      </object_component>
      <object_component id="oc-181">
         <name>.debug_abbrev</name>
         <load_address>0x431</load_address>
         <run_address>0x431</run_address>
         <size>0xf</size>
      </object_component>
      <object_component id="oc-80">
         <name>.debug_str</name>
         <load_address>0x0</load_address>
         <run_address>0x0</run_address>
         <size>0x2d8</size>
         <input_file_ref idref="fl-2"/>
      </object_component>
      <object_component id="oc-40">
         <name>.debug_str</name>
         <load_address>0x2d8</load_address>
         <run_address>0x2d8</run_address>
         <size>0xfd</size>
         <input_file_ref idref="fl-2"/>
      </object_component>
      <object_component id="oc-b2">
         <name>.debug_str</name>
         <load_address>0x3d5</load_address>
         <run_address>0x3d5</run_address>
         <size>0x36e</size>
         <input_file_ref idref="fl-2"/>
      </object_component>
      <object_component id="oc-79">
         <name>.debug_str</name>
         <load_address>0x743</load_address>
         <run_address>0x743</run_address>
         <size>0x170</size>
         <input_file_ref idref="fl-2"/>
      </object_component>
      <object_component id="oc-30">
         <name>.debug_aranges</name>
         <load_address>0x0</load_address>
         <run_address>0x0</run_address>
         <size>0x58</size>
         <input_file_ref idref="fl-2"/>
      </object_component>
      <object_component id="oc-2a">
         <name>.debug_aranges</name>
         <load_address>0x58</load_address>
         <run_address>0x58</run_address>
         <size>0x38</size>
         <input_file_ref idref="fl-3"/>
      </object_component>
      <object_component id="oc-5b">
         <name>.debug_aranges</name>
         <load_address>0x90</load_address>
         <run_address>0x90</run_address>
         <size>0x20</size>
         <input_file_ref idref="fl-c0"/>
      </object_component>
      <object_component id="oc-a0">
         <name>.debug_aranges</name>
         <load_address>0xb0</load_address>
         <run_address>0xb0</run_address>
         <size>0x20</size>
         <input_file_ref idref="fl-c4"/>
      </object_component>
      <object_component id="oc-c5">
         <name>.debug_aranges</name>
         <load_address>0xd0</load_address>
         <run_address>0xd0</run_address>
         <size>0x20</size>
         <input_file_ref idref="fl-c6"/>
      </object_component>
      <object_component id="oc-2f">
         <name>.debug_pubnames</name>
         <load_address>0x0</load_address>
         <run_address>0x0</run_address>
         <size>0x85</size>
         <input_file_ref idref="fl-2"/>
      </object_component>
      <object_component id="oc-14">
         <name>.debug_pubnames</name>
         <load_address>0x85</load_address>
         <run_address>0x85</run_address>
         <size>0x23</size>
         <input_file_ref idref="fl-3"/>
      </object_component>
      <object_component id="oc-29">
         <name>.debug_pubnames</name>
         <load_address>0xa8</load_address>
         <run_address>0xa8</run_address>
         <size>0x4c</size>
         <input_file_ref idref="fl-3"/>
      </object_component>
      <object_component id="oc-26">
         <name>.debug_pubnames</name>
         <load_address>0xf4</load_address>
         <run_address>0xf4</run_address>
         <size>0x1e</size>
         <input_file_ref idref="fl-c0"/>
      </object_component>
      <object_component id="oc-5c">
         <name>.debug_pubnames</name>
         <load_address>0x112</load_address>
         <run_address>0x112</run_address>
         <size>0x2d</size>
         <input_file_ref idref="fl-c0"/>
      </object_component>
      <object_component id="oc-9f">
         <name>.debug_pubnames</name>
         <load_address>0x13f</load_address>
         <run_address>0x13f</run_address>
         <size>0x27</size>
         <input_file_ref idref="fl-c4"/>
      </object_component>
      <object_component id="oc-c8">
         <name>.debug_pubnames</name>
         <load_address>0x166</load_address>
         <run_address>0x166</run_address>
         <size>0x1c</size>
         <input_file_ref idref="fl-c6"/>
      </object_component>
      <object_component id="oc-7d">
         <name>.debug_pubtypes</name>
         <load_address>0x0</load_address>
         <run_address>0x0</run_address>
         <size>0x25c</size>
         <input_file_ref idref="fl-2"/>
      </object_component>
      <object_component id="oc-3d">
         <name>.debug_pubtypes</name>
         <load_address>0x25c</load_address>
         <run_address>0x25c</run_address>
         <size>0xed</size>
         <input_file_ref idref="fl-2"/>
      </object_component>
      <object_component id="oc-af">
         <name>.debug_pubtypes</name>
         <load_address>0x349</load_address>
         <run_address>0x349</run_address>
         <size>0x330</size>
         <input_file_ref idref="fl-2"/>
      </object_component>
      <object_component id="oc-76">
         <name>.debug_pubtypes</name>
         <load_address>0x679</load_address>
         <run_address>0x679</run_address>
         <size>0xaa</size>
         <input_file_ref idref="fl-2"/>
      </object_component>
   </object_component_list>
   <logical_group_list>
      <logical_group id="lg-3" display="no" color="cyan">
         <name>.intvecs</name>
         <load_address>0x0</load_address>
         <run_address>0x0</run_address>
         <size>0x208</size>
         <contents>
            <object_component_ref idref="oc-12"/>
         </contents>
      </logical_group>
      <logical_group id="lg-4" display="no" color="cyan">
         <name>.text</name>
         <load_address>0x208</load_address>
         <run_address>0x208</run_address>
         <size>0x2a4</size>
         <contents>
            <object_component_ref idref="oc-2d"/>
            <object_component_ref idref="oc-59"/>
            <object_component_ref idref="oc-27"/>
            <object_component_ref idref="oc-9c"/>
            <object_component_ref idref="oc-c4"/>
         </contents>
      </logical_group>
      <logical_group id="lg-5" display="no" color="cyan">
         <name>.const</name>
         <run_address>0x0</run_address>
         <size>0x0</size>
         <contents>
         </contents>
      </logical_group>
      <logical_group id="lg-6" display="no" color="cyan">
         <name>.cinit</name>
         <run_address>0x0</run_address>
         <size>0x0</size>
         <contents>
         </contents>
      </logical_group>
      <logical_group id="lg-7" display="no" color="cyan">
         <name>.pinit</name>
         <run_address>0x0</run_address>
         <size>0x0</size>
         <contents>
         </contents>
      </logical_group>
      <logical_group id="lg-8" display="no" color="cyan">
         <name>.init_array</name>
         <run_address>0x0</run_address>
         <size>0x0</size>
         <contents>
         </contents>
      </logical_group>
      <logical_group id="lg-9" display="no" color="cyan">
         <name>.vtable</name>
         <run_address>0x0</run_address>
         <size>0x0</size>
         <contents>
         </contents>
      </logical_group>
      <logical_group id="lg-a" display="no" color="cyan">
         <name>.data</name>
         <run_address>0x0</run_address>
         <size>0x0</size>
         <contents>
         </contents>
      </logical_group>
      <logical_group id="lg-b" display="no" color="cyan">
         <name>.bss</name>
         <run_address>0x0</run_address>
         <size>0x0</size>
         <contents>
         </contents>
      </logical_group>
      <logical_group id="lg-c" display="no" color="cyan">
         <name>.sysmem</name>
         <run_address>0x0</run_address>
         <size>0x0</size>
         <contents>
         </contents>
      </logical_group>
      <logical_group id="lg-d" display="no" color="cyan">
         <name>.stack</name>
         <run_address>0x20000000</run_address>
         <size>0x200</size>
         <contents>
            <object_component_ref idref="oc-24"/>
            <object_component_ref idref="oc-17f"/>
         </contents>
      </logical_group>
      <logical_group id="lg-154" display="no" color="cyan">
         <name>.TI.noinit</name>
         <run_address>0x0</run_address>
         <size>0x0</size>
         <contents>
         </contents>
      </logical_group>
      <logical_group id="lg-155" display="no" color="cyan">
         <name>.TI.persistent</name>
         <run_address>0x0</run_address>
         <size>0x0</size>
         <contents>
         </contents>
      </logical_group>
      <logical_group id="lg-156" display="no" color="cyan">
         <name>__llvm_prf_cnts</name>
         <run_address>0x20000000</run_address>
         <size>0x0</size>
         <contents>
         </contents>
      </logical_group>
      <logical_group id="lg-165" display="never" color="cyan">
         <name>.debug_info</name>
         <load_address>0x0</load_address>
         <run_address>0x0</run_address>
         <size>0x1954</size>
         <contents>
            <object_component_ref idref="oc-b3"/>
            <object_component_ref idref="oc-2e"/>
            <object_component_ref idref="oc-7c"/>
            <object_component_ref idref="oc-3c"/>
            <object_component_ref idref="oc-ae"/>
            <object_component_ref idref="oc-75"/>
            <object_component_ref idref="oc-35"/>
            <object_component_ref idref="oc-13"/>
            <object_component_ref idref="oc-28"/>
            <object_component_ref idref="oc-25"/>
            <object_component_ref idref="oc-5a"/>
            <object_component_ref idref="oc-9e"/>
            <object_component_ref idref="oc-c7"/>
            <object_component_ref idref="oc-180"/>
         </contents>
      </logical_group>
      <logical_group id="lg-167" display="never" color="cyan">
         <name>.debug_line</name>
         <load_address>0x0</load_address>
         <run_address>0x0</run_address>
         <size>0x536</size>
         <contents>
            <object_component_ref idref="oc-103"/>
            <object_component_ref idref="oc-32"/>
            <object_component_ref idref="oc-7f"/>
            <object_component_ref idref="oc-3f"/>
            <object_component_ref idref="oc-b1"/>
            <object_component_ref idref="oc-78"/>
            <object_component_ref idref="oc-7b"/>
            <object_component_ref idref="oc-34"/>
            <object_component_ref idref="oc-2c"/>
            <object_component_ref idref="oc-72"/>
            <object_component_ref idref="oc-5d"/>
            <object_component_ref idref="oc-a1"/>
            <object_component_ref idref="oc-c6"/>
         </contents>
      </logical_group>
      <logical_group id="lg-169" display="never" color="cyan">
         <name>.debug_frame</name>
         <load_address>0x0</load_address>
         <run_address>0x0</run_address>
         <size>0x27c</size>
         <contents>
            <object_component_ref idref="oc-31"/>
            <object_component_ref idref="oc-2b"/>
            <object_component_ref idref="oc-5e"/>
            <object_component_ref idref="oc-9d"/>
            <object_component_ref idref="oc-c9"/>
         </contents>
      </logical_group>
      <logical_group id="lg-16b" display="never" color="cyan">
         <name>.debug_abbrev</name>
         <load_address>0x0</load_address>
         <run_address>0x0</run_address>
         <size>0x440</size>
         <contents>
            <object_component_ref idref="oc-102"/>
            <object_component_ref idref="oc-74"/>
            <object_component_ref idref="oc-7e"/>
            <object_component_ref idref="oc-3e"/>
            <object_component_ref idref="oc-b0"/>
            <object_component_ref idref="oc-77"/>
            <object_component_ref idref="oc-7a"/>
            <object_component_ref idref="oc-33"/>
            <object_component_ref idref="oc-73"/>
            <object_component_ref idref="oc-71"/>
            <object_component_ref idref="oc-a3"/>
            <object_component_ref idref="oc-c3"/>
            <object_component_ref idref="oc-104"/>
            <object_component_ref idref="oc-181"/>
         </contents>
      </logical_group>
      <logical_group id="lg-16d" display="never" color="cyan">
         <name>.debug_str</name>
         <load_address>0x0</load_address>
         <run_address>0x0</run_address>
         <size>0x8b3</size>
         <contents>
            <object_component_ref idref="oc-80"/>
            <object_component_ref idref="oc-40"/>
            <object_component_ref idref="oc-b2"/>
            <object_component_ref idref="oc-79"/>
         </contents>
      </logical_group>
      <logical_group id="lg-16f" display="never" color="cyan">
         <name>.debug_aranges</name>
         <load_address>0x0</load_address>
         <run_address>0x0</run_address>
         <size>0xf0</size>
         <contents>
            <object_component_ref idref="oc-30"/>
            <object_component_ref idref="oc-2a"/>
            <object_component_ref idref="oc-5b"/>
            <object_component_ref idref="oc-a0"/>
            <object_component_ref idref="oc-c5"/>
         </contents>
      </logical_group>
      <logical_group id="lg-171" display="never" color="cyan">
         <name>.debug_pubnames</name>
         <load_address>0x0</load_address>
         <run_address>0x0</run_address>
         <size>0x182</size>
         <contents>
            <object_component_ref idref="oc-2f"/>
            <object_component_ref idref="oc-14"/>
            <object_component_ref idref="oc-29"/>
            <object_component_ref idref="oc-26"/>
            <object_component_ref idref="oc-5c"/>
            <object_component_ref idref="oc-9f"/>
            <object_component_ref idref="oc-c8"/>
         </contents>
      </logical_group>
      <logical_group id="lg-173" display="never" color="cyan">
         <name>.debug_pubtypes</name>
         <load_address>0x0</load_address>
         <run_address>0x0</run_address>
         <size>0x723</size>
         <contents>
            <object_component_ref idref="oc-7d"/>
            <object_component_ref idref="oc-3d"/>
            <object_component_ref idref="oc-af"/>
            <object_component_ref idref="oc-76"/>
         </contents>
      </logical_group>
      <logical_group id="lg-17e" display="no" color="cyan">
         <name>Veneer$$CMSE</name>
         <run_address>0x0</run_address>
         <size>0x0</size>
         <contents>
         </contents>
      </logical_group>
      <load_segment id="lg-182" display="no" color="cyan">
         <name>SEGMENT_0</name>
         <load_address>0x0</load_address>
         <run_address>0x0</run_address>
         <size>0x4ac</size>
         <flags>0x5</flags>
         <contents>
            <logical_group_ref idref="lg-3"/>
            <logical_group_ref idref="lg-4"/>
         </contents>
      </load_segment>
      <load_segment id="lg-183" display="no" color="cyan">
         <name>SEGMENT_1</name>
         <run_address>0x20000000</run_address>
         <size>0x200</size>
         <flags>0x6</flags>
         <contents>
            <logical_group_ref idref="lg-d"/>
         </contents>
      </load_segment>
   </logical_group_list>
   <placement_map>
      <memory_area display="yes" color="green">
         <name>FLASH</name>
         <page_id>0x0</page_id>
         <origin>0x0</origin>
         <length>0x100000</length>
         <used_space>0x4ac</used_space>
         <unused_space>0xffb54</unused_space>
         <attributes>RX</attributes>
         <usage_details>
            <allocated_space>
               <start_address>0x0</start_address>
               <size>0x208</size>
               <logical_group_ref idref="lg-3"/>
            </allocated_space>
            <allocated_space>
               <start_address>0x208</start_address>
               <size>0x2a4</size>
               <logical_group_ref idref="lg-4"/>
            </allocated_space>
            <available_space>
               <start_address>0x4ac</start_address>
               <size>0xffb54</size>
            </available_space>
         </usage_details>
      </memory_area>
      <memory_area display="yes" color="green">
         <name>SRAM</name>
         <page_id>0x0</page_id>
         <origin>0x20000000</origin>
         <length>0x40000</length>
         <used_space>0x200</used_space>
         <unused_space>0x3fe00</unused_space>
         <attributes>RWX</attributes>
         <usage_details>
            <allocated_space>
               <start_address>0x20000000</start_address>
               <size>0x0</size>
               <logical_group_ref idref="lg-156"/>
            </allocated_space>
            <allocated_space>
               <start_address>0x20000000</start_address>
               <size>0x200</size>
               <logical_group_ref idref="lg-d"/>
            </allocated_space>
            <available_space>
               <start_address>0x20000200</start_address>
               <size>0x3fe00</size>
            </available_space>
         </usage_details>
      </memory_area>
   </placement_map>
   <symbol_table>
      <symbol id="sm-1">
         <name>__STACK_TOP</name>
         <value>0x20000200</value>
      </symbol>
      <symbol id="sm-2">
         <name>__start___llvm_prf_cnts</name>
         <value>0x20000000</value>
      </symbol>
      <symbol id="sm-3">
         <name>__stop___llvm_prf_cnts</name>
         <value>0x20000000</value>
      </symbol>
      <symbol id="sm-4">
         <name>binit</name>
         <value>0xffffffff</value>
      </symbol>
      <symbol id="sm-5">
         <name>__binit__</name>
         <value>0xffffffff</value>
      </symbol>
      <symbol id="sm-6">
         <name>__STACK_SIZE</name>
         <value>0x200</value>
      </symbol>
      <symbol id="sm-7">
         <name>__STACK_END</name>
         <value>0x20000200</value>
      </symbol>
      <symbol id="sm-8">
         <name>__c_args__</name>
         <value>0xffffffff</value>
      </symbol>
      <symbol id="sm-9">
         <name>__TI_pprof_out_hndl</name>
         <value>0xffffffff</value>
      </symbol>
      <symbol id="sm-a">
         <name>__TI_prof_data_start</name>
         <value>0xffffffff</value>
      </symbol>
      <symbol id="sm-b">
         <name>__TI_prof_data_size</name>
         <value>0xffffffff</value>
      </symbol>
      <symbol id="sm-c">
         <name>__TI_static_base__</name>
         <value>0x0</value>
      </symbol>
      <symbol id="sm-78">
         <name>InitPorts</name>
         <value>0x2c3</value>
         <object_component_ref idref="oc-2d"/>
      </symbol>
      <symbol id="sm-79">
         <name>IntRut_2</name>
         <value>0x243</value>
         <object_component_ref idref="oc-2d"/>
      </symbol>
      <symbol id="sm-7a">
         <name>IntRut_3</name>
         <value>0x27d</value>
         <object_component_ref idref="oc-2d"/>
      </symbol>
      <symbol id="sm-7b">
         <name>IntRut_1</name>
         <value>0x209</value>
         <object_component_ref idref="oc-2d"/>
      </symbol>
      <symbol id="sm-7c">
         <name>SysTick_Wait</name>
         <value>0x3bd</value>
         <object_component_ref idref="oc-2d"/>
      </symbol>
      <symbol id="sm-7d">
         <name>InitInterrupts</name>
         <value>0x30b</value>
         <object_component_ref idref="oc-2d"/>
      </symbol>
      <symbol id="sm-7e">
         <name>main</name>
         <value>0x2b7</value>
         <object_component_ref idref="oc-2d"/>
      </symbol>
      <symbol id="sm-7f">
         <name>SysTick_Init</name>
         <value>0x3a1</value>
         <object_component_ref idref="oc-2d"/>
      </symbol>
      <symbol id="sm-9b">
         <name>ResetISR</name>
         <value>0x499</value>
         <object_component_ref idref="oc-27"/>
      </symbol>
      <symbol id="sm-9c">
         <name>g_pfnVectors</name>
         <value>0x0</value>
         <object_component_ref idref="oc-12"/>
      </symbol>
      <symbol id="sm-b2">
         <name>_c_int00_noinit_noargs</name>
         <value>0x46d</value>
         <object_component_ref idref="oc-59"/>
      </symbol>
      <symbol id="sm-b3">
         <name>__stack</name>
         <value>0x20000000</value>
         <object_component_ref idref="oc-24"/>
      </symbol>
      <symbol id="sm-c0">
         <name>_system_pre_init</name>
         <value>0x4a5</value>
         <object_component_ref idref="oc-9c"/>
      </symbol>
      <symbol id="sm-cc">
         <name>C$$EXIT</name>
         <value>0x4a9</value>
         <object_component_ref idref="oc-c4"/>
      </symbol>
      <symbol id="sm-cd">
         <name>abort</name>
         <value>0x4a9</value>
         <object_component_ref idref="oc-c4"/>
      </symbol>
      <symbol id="sm-d0">
         <name>__mpu_init</name>
         <value>0x0</value>
      </symbol>
   </symbol_table>
   <title>Link successful</title>
</link_info>
